alpha,eval/episode_length,eval/episode_length_std,eval/normalized_episode_reward,eval/normalized_episode_reward_std,loss/actor,loss/alpha,loss/critics,timestep
0.9515595698356636,1000.0,0.0,2.25144897732596,2.263689321659835,-16.696091447353368,-0.5022765438831412,23.971356283664694,1000
0.8611631415486328,1000.0,0.0,2.2491625994634568,2.2610291939156144,-35.80506067276003,-1.4968884940147373,24.517599289894164,2000
0.7797448222637176,1000.0,0.0,2.2435409246792086,2.26135251964141,-52.025477039337176,-2.4507586591243795,38.31212152481072,3000
0.7066070413589489,1000.0,0.0,2.228781834798059,2.2607636059804666,-64.60448876571648,-3.3385274569988286,51.16860300827035,4000
0.6407531504631034,1000.0,0.0,2.221422036536886,2.263486861725609,-74.29345447540284,-4.163861767530442,62.363819576263325,5000
0.5812383955121041,1000.0,0.0,2.204835306485191,2.262769591832247,-81.69005734252923,-4.933123149871818,75.1663408813476,6000
0.5274968461990367,1000.0,0.0,2.8629974057270853,2.2692068963597505,-87.06249563598611,-5.6087212362289325,86.4767818069459,7000
0.4789305680096149,1000.0,0.0,2.96024007460502,2.5151466906400395,-90.91659969329854,-6.2290800557136325,98.33843545532228,8000
0.4349754653871051,1000.0,0.0,2.6761107626539418,2.51734229621193,-93.53205612182614,-6.739894336223606,110.20740132141104,9000
0.39535881194472366,1000.0,0.0,2.4000609199734244,2.395671665957386,-95.33322962951654,-7.133804538249981,122.15986765289315,10000
0.35962870776653333,1000.0,0.0,2.3713648053144496,2.490486865591832,-96.475873970032,-7.4012140026092545,134.60362827301034,11000
0.327379268288612,1000.0,0.0,2.3278042318556778,2.3371928461598874,-97.1221087341307,-7.538635336875924,144.9755961685184,12000
0.298392968267203,1000.0,0.0,2.313254884418918,2.272047362194436,-97.67225862121579,-7.518148885250096,157.03782038879396,13000
0.27218860688805613,1000.0,0.0,2.4166715748209735,2.402204262831404,-98.24468944549582,-7.428264737129206,165.20362059020994,14000
0.2485890443027021,1000.0,0.0,2.485126265313538,2.4665434487717723,-98.94130973815923,-7.119321145534503,173.21833288574234,15000
0.22737009248137433,1000.0,0.0,2.625294432450418,2.5210438340599395,-99.70802989196778,-6.801298729896543,186.24801392364512,16000
0.20810062579810615,1000.0,0.0,2.7241554103945793,2.7252438884915278,-100.24019933319101,-6.40260794258118,199.18109411621077,17000
0.19071343171596541,1000.0,0.0,2.798158510216739,2.8109817890897593,-100.72766357421881,-5.915284359931939,209.44539205169653,18000
0.17494861117005342,1000.0,0.0,3.9582093251226946,3.9814132142820924,-101.05453222656246,-5.422788937091835,222.90439065551766,19000
0.16062686334550313,1000.0,0.0,2.8147521446806674,2.690668266634435,-101.54317600250245,-4.956111118316648,230.11617065429724,20000
0.1477621021866801,1000.0,0.0,3.4762540559614608,3.3226445451369524,-102.18296138763418,-4.294948805570601,243.17288583374,21000
0.1363374968767162,1000.0,0.0,4.653958316765311,4.344459452694833,-102.38161823272704,-3.7268267063498537,251.73778717041026,22000
0.12609522260725498,1000.0,0.0,3.9453623410679954,3.258931069236027,-102.8617630233765,-3.0686928500831105,268.0468893737797,23000
0.1172811646461486,1000.0,0.0,7.155816441709916,5.498079191405143,-103.6277777557376,-2.3289944508373805,279.33737347412125,24000
0.10982443792372952,1000.0,0.0,16.897023696512278,3.3094359479932676,-104.27233449554461,-1.6541663965508346,288.48374961853045,25000
0.10400521220266822,1000.0,0.0,17.17166098312554,5.805840856423852,-104.35208830261223,-1.0665222324877974,294.1781421508792,26000
0.100133546486497,1000.0,0.0,20.156692646642487,5.7219636846290465,-104.5740398712158,-0.39303130218386606,314.1541029510503,27000
0.09912115161865927,1000.0,0.0,16.33123484949683,6.131466792683861,-104.83545630645757,0.03549313771724703,313.19740036010717,28000
0.10034046904742698,1000.0,0.0,20.533278155692784,7.350949566114548,-105.12930769348141,0.20015141648799192,307.1910090789797,29000
0.10205628341436386,1000.0,0.0,21.257199535659378,5.440739364224846,-104.77821012878424,0.1564371229410174,318.88972933959934,30000
0.10324674379825605,1000.0,0.0,20.94918041842394,9.437452296570997,-104.35491152954091,0.1776441206857564,309.9089416198725,31000
0.10583827784657475,1000.0,0.0,17.878337000131538,11.174356756602938,-104.69560853576682,0.24007523006200798,304.96998554992706,32000
0.10773495163768518,1000.0,0.0,19.167566568261552,12.63432928981996,-104.39446993255606,0.12523299532011145,294.6815450592033,33000
0.10820013053715251,1000.0,0.0,15.795694115745246,10.53683730902705,-103.90966568756114,-0.03264680847525602,284.05068965148894,34000
0.10808682676404714,1000.0,0.0,22.66680856019058,8.532457637479673,-103.90660272979733,-0.009658061847090827,280.7959934387204,35000
0.1071430553048849,1000.0,0.0,19.77858743663487,15.775160140700356,-103.37303784942625,-0.11468251367658397,281.75451719665523,36000
0.10560074640810485,1000.0,0.0,40.412856368966374,3.5342753289436932,-103.28636408233642,-0.16497651724517376,265.03699263000584,37000
0.10395383372902892,1000.0,0.0,40.76594944556363,3.7948096235506092,-102.97173170471173,-0.13408462285250417,266.2731423950193,38000
0.10378880013525481,1000.0,0.0,38.98360029261435,13.189005375919985,-103.21143403625499,0.04423158773034821,257.5481894226066,39000
0.10355320999771361,1000.0,0.0,42.96825358148133,3.1741136651454664,-103.48773304748539,-0.00543657714873554,250.6463362274173,40000
0.10346141786873349,1000.0,0.0,42.347382937256334,2.983300125221543,-103.31212774658187,-0.027520665869116827,248.2810599365232,41000
0.10293877208977942,1000.0,0.0,44.42463879189907,2.7680633507939323,-103.44703349304203,-0.032212308835238235,232.91493191528326,42000
0.10323884256184106,1000.0,0.0,43.40699554596492,2.792200313360229,-103.86763977813717,0.011048247493803507,227.80144958496086,43000
0.10303306984901411,1000.0,0.0,38.09892789936799,12.696755129081083,-103.94441625213624,-0.06044008404761557,221.1982261962889,44000
0.1025525770932437,1000.0,0.0,44.02842582999792,2.80772458588239,-104.5280126495361,0.013325597487390062,220.09602883148162,45000
0.1029723175242543,1000.0,0.0,44.113889579437945,2.801783803812718,-104.98887339019781,0.04571664301678553,213.4572829360965,46000
0.10322710774838915,1000.0,0.0,31.891081950992294,18.121999986974608,-105.45108690643332,-0.024689139109104863,207.8545155715945,47000
0.10269757502526027,1000.0,0.0,44.33918836950422,2.708225274832962,-106.23044841003423,-0.029808588892221436,206.34395328521708,48000
0.10260519164800651,1000.0,0.0,43.146757098844475,8.909665111236995,-106.71334172058097,0.001219032078981415,201.05280738067654,49000
0.10208634544163935,1000.0,0.0,44.84858445403334,3.226533635752377,-107.38137992095955,-0.104132269833237,201.015695014954,50000
0.10137601415812976,1000.0,0.0,44.88878791326298,2.9262436214604266,-108.38409536743144,0.013649468392133737,193.41148413085938,51000
0.10193477267771958,1000.0,0.0,44.62448834940323,3.2938677266875382,-109.2254953079223,0.03018902312964199,192.74425507354746,52000
0.10211563476175058,1000.0,0.0,44.533602505540024,2.828570023954101,-109.83575811004648,0.012018719479441602,193.74157749176024,53000
0.10224048509448752,1000.0,0.0,45.348807342539196,2.9804307451885803,-110.70024669647209,0.029621806900948195,187.4727130966187,54000
0.10253154071420437,1000.0,0.0,36.93586800366314,14.31402425081486,-111.39265283966058,-0.0021789743155240502,184.06492691040063,55000
0.10255674640834334,1000.0,0.0,45.82199173966184,2.634138643734583,-112.40215584564207,-0.006782272651791587,185.49154824829114,56000
0.10161517249792804,1000.0,0.0,46.183091512942745,2.776572020692999,-112.9000969390869,-0.07690698716789475,182.6553538589482,57000
0.10121954138576973,1000.0,0.0,45.178832773457444,3.0145854172677162,-113.82090720367424,-0.057167630754411114,179.51826727294932,58000
0.10074489258974817,1000.0,0.0,45.43997187075651,3.2582336854971263,-114.87735805511477,-0.02350318513065567,173.42207513427766,59000
0.10067372848093516,1000.0,0.0,42.94913077287354,12.041066245074402,-115.42212326049801,0.00911378695815802,174.91991873168934,60000
0.10112662031501546,1000.0,0.0,45.82616767000081,2.9014489563724664,-116.7279055404662,0.08067530360817916,170.9833999710082,61000
0.10101097496598951,1000.0,0.0,42.4187490723931,13.10116742315309,-116.5151623916625,-0.14080038910359138,168.00080524444593,62000
0.09947909718006852,1000.0,0.0,46.39164882186896,2.8313611301297286,-117.7623420181274,-0.12168914467096298,169.95367469787558,63000
0.09882143252342948,1000.0,0.0,46.35048675931083,3.0991774333817026,-118.84099799346936,0.025022681616246704,160.78895059967047,64000
0.09894686622172606,1000.0,0.0,46.04896186392494,2.7061396209450117,-119.50206739807139,-0.04445769766718151,161.26161338043215,65000
0.09875017829239358,1000.0,0.0,46.31460973403441,2.9053030738596735,-120.84916947937019,0.011594243332743642,163.00375195312526,66000
0.09931424738466738,1000.0,0.0,44.45800506171118,2.8032329987265805,-121.52008841705315,0.07721798509359379,158.90403611755372,67000
0.09934291052818299,1000.0,0.0,43.23848964218608,12.813237607858738,-122.47606260681158,-0.03095405785739422,155.44582927703902,68000
0.09890714779496179,1000.0,0.0,46.690154140595126,2.853719733575047,-123.41668302154525,-0.06427538192272171,154.0753418884276,69000
0.09838668115437045,1000.0,0.0,44.53045037584093,7.594221993838893,-124.23873645782453,-0.024290562972426474,152.51361050415045,70000
0.09747183437645449,1000.0,0.0,43.71351541300581,9.88734249956274,-125.2373850097657,-0.12415432544052613,152.71589064788787,71000
0.09738154581189142,1000.0,0.0,46.954084292398775,2.6040785815588143,-126.27302761840825,0.022465950887650167,148.39450198364264,72000
0.09719170384109012,1000.0,0.0,47.26082700102703,2.825557331533686,-127.60104911041262,0.017031295888125925,145.57263946533172,73000
0.09780792935937628,1000.0,0.0,46.89607722592657,2.771803469773812,-127.92818470001225,0.023949294857680763,148.03533161926293,74000
0.09820573322474933,1000.0,0.0,39.50510397862217,11.993139409094784,-129.5106844482421,0.06853205026686196,147.4493711700438,75000
0.09797875653207312,1000.0,0.0,46.65515477796392,2.9602979572548933,-129.7951235046388,-0.09139723731577394,145.7772832107543,76000
0.09795403260737642,1000.0,0.0,46.13173940031583,2.8294366455115627,-130.86709237670928,0.03605284456163626,143.47719280242913,77000
0.0983987389504907,1000.0,0.0,46.03493828035934,7.3208811531357565,-131.6478540344234,0.09932082939147972,147.7677259063724,78000
0.0986808317750691,1000.0,0.0,47.08464082365079,2.924013867474332,-132.60725692749008,-0.042900509975850425,137.92519445800787,79000
0.09762296793609877,1000.0,0.0,47.41986570815111,2.8084448492272878,-132.9326462402342,-0.16143317713588487,140.03718545532226,80000
0.09655332715064295,1000.0,0.0,47.39245316072357,2.779258099702031,-133.52187172698973,-0.08556108296290045,136.49113325500497,81000
0.09595276268571587,1000.0,0.0,47.393886140242905,2.7137661247484735,-134.62546942138687,-0.026819934874772987,136.44940532684333,82000
0.09551923191547404,1000.0,0.0,47.58180167439849,2.555698406968919,-135.3814896011354,-0.05948283632844688,130.82749987793008,83000
0.09512790565937759,1000.0,0.0,46.95942450074636,2.9063528483829817,-136.58851892089822,0.009168024193495529,131.6010192718508,84000
0.09463160897046329,1000.0,0.0,43.62971396657678,13.565982898057552,-136.72722544860827,-0.12983669979870324,130.31826389312738,85000
0.09407532230764624,1000.0,0.0,46.99340701328275,2.7544499421325868,-138.06712543487532,0.08036472886055697,127.67016409301752,86000
0.09493325673043759,1000.0,0.0,47.300802668782666,2.797232581335522,-138.75156442260734,0.05862440467625873,128.67661135101324,87000
0.09503299406915915,1000.0,0.0,47.3519520972374,2.7874035280241762,-139.00538349914555,-0.016280742406845097,126.90146508789077,88000
0.09492182946950216,1000.0,0.0,42.3289914362856,13.087341092653116,-139.85340493011458,-0.059557922463863947,126.03458641052262,89000
0.09426675960421552,1000.0,0.0,42.02761276356498,11.651835054578662,-140.59388927459668,-0.05547979615628731,123.36181779479972,90000
0.09415168163925401,1000.0,0.0,47.46593947726997,2.5572766082524025,-141.6246510543824,0.04674058813601732,128.69370506286606,91000
0.09470956069976094,1000.0,0.0,48.03816183272565,2.746431714335645,-142.18044724273676,0.03533029703050862,122.8441722259522,92000
0.09468979971110816,1000.0,0.0,46.929023816167465,2.8348218633191555,-142.74445975494402,-0.0349598366841674,121.65901250457772,93000
0.09449114259332403,1000.0,0.0,47.55569644452349,2.7394338801422498,-143.56873754119903,0.01676440603286026,122.62639558410649,94000
0.09444733020663244,1000.0,0.0,47.81955700440442,2.6432997770983033,-144.68660198974615,-0.014313189163804124,119.08594661712633,95000
0.09413599014282233,1000.0,0.0,45.254822882558095,8.216324680900744,-144.38400850677493,-0.08339023207873111,120.54718061065664,96000
0.09393522673100216,1000.0,0.0,46.58667001398978,2.5402267546141686,-145.95801126861608,0.054118709787726496,117.51424098205564,97000
0.09446460622549063,1000.0,0.0,47.165089213097296,2.8190315559772072,-146.66887411499073,0.016699760697781955,116.10524179840101,98000
0.09402160955220441,1000.0,0.0,48.085112611796596,2.737895461709805,-146.60899011230484,-0.05894145148992529,118.07180485534668,99000
0.09371454644948238,1000.0,0.0,47.77460609575404,2.928636044110612,-147.97889633178698,-0.019090546861290907,114.73409770965591,100000
0.09376400817185622,1000.0,0.0,47.84160550410527,2.826922795555779,-147.97251083374,0.0347692212164402,113.89475618743917,101000
0.09388378768414259,1000.0,0.0,48.45667910220911,2.8847794053158067,-148.8387029418945,-0.04595380020141602,113.05017679595944,102000
0.09387573918700225,1000.0,0.0,47.24134063775372,2.6609749056069343,-149.43956996917723,0.05340559082478286,118.61169504547125,103000
0.09394020954519511,1000.0,0.0,45.8492560407196,9.067847548529254,-150.28515776824955,0.0017338237911462885,107.84151106262203,104000
0.0936683331131936,1000.0,0.0,47.89158959475017,2.729174846689641,-150.48742993926967,-0.048385180335491884,111.19658918762218,105000
0.09358056326210495,1000.0,0.0,47.9154476159049,2.6946549054505797,-150.5547532653808,-0.007737334929406646,109.7741051025393,106000
0.09350069978833211,1000.0,0.0,47.65558619112111,2.6304761233488985,-151.48919185638448,0.03343000118434429,106.54240180969255,107000
0.09398070220649239,1000.0,0.0,47.133405924214756,2.6518365659824115,-152.26251456451388,0.0102539363130927,110.81937816619886,108000
0.09327712322026502,1000.0,0.0,47.87648597155624,2.9638518516242476,-152.8224645004273,-0.09817174258828149,109.86144186401332,109000
0.09310285922884932,1000.0,0.0,48.32311464381804,2.932754447664997,-153.36056934356668,0.015659527242183724,106.2324328689574,110000
0.09295683388412006,1000.0,0.0,48.04065398543744,2.8711990745202347,-153.88513925170892,-0.08077755397558205,106.79478729248035,111000
0.09281771474331603,1000.0,0.0,48.18545256474654,2.7781163843831123,-154.87877777862542,0.08077055583149216,102.4460742492675,112000
0.09325639984011658,1000.0,0.0,47.98854787612019,3.072529348650416,-155.13105518341044,-0.013043438456952624,103.29107128143299,113000
0.09293961992859857,1000.0,0.0,48.39255546408732,2.591918155201157,-154.99237587738043,-0.05377512653172025,110.37632089996336,114000
0.09205583168566221,1000.0,0.0,48.388692897553874,2.5595620503675827,-155.86203662109418,-0.04710807608067976,101.25040547180174,115000
0.09225994271039964,1000.0,0.0,47.59912300443388,2.7286692583521006,-156.50323606872598,0.06673708958178752,101.87945689392085,116000
0.09255482028424737,1000.0,0.0,48.45091705002663,2.8380720174148886,-156.894510925293,0.006983653187751743,101.85089090728765,117000
0.09233671618998043,1000.0,0.0,48.28177258665002,2.777240665019074,-157.117765441894,-0.12221100113540892,100.68234638214118,118000
0.09185302275419224,1000.0,0.0,47.96649412878386,2.874964953427736,-158.0858005371094,0.055171401835978046,101.4670930480955,119000
0.09238698588311674,1000.0,0.0,48.679573782488326,2.7886723243988705,-158.47362931823764,0.07396084821969276,100.59978285217285,120000
0.0923803887292742,1000.0,0.0,48.64505763352338,2.814568071546217,-158.15719020080533,-0.07404179507121446,93.76853254699704,121000
0.09223222179710894,1000.0,0.0,47.85188628997274,2.7602047665306455,-158.87421244812026,0.040104175314307225,98.47722697448724,122000
0.09228606240451342,1000.0,0.0,48.54135985530834,2.7852391199831477,-159.37013577270486,-0.04063441143929957,97.90532398986808,123000
0.09213720756769178,1000.0,0.0,47.869317794407586,2.8018623392832556,-159.75615888977057,-0.012658704377710788,96.05514407730098,124000
0.09172196593880634,1000.0,0.0,48.169659038619905,2.59568405465861,-159.9562302093508,-0.08037420682609064,94.28023876953138,125000
0.0915143355205655,1000.0,0.0,47.664005150473265,2.780340344548605,-160.99042640686022,0.07595863104239123,96.02909767150877,126000
0.09158274789899588,1000.0,0.0,48.3300277480088,2.6038492225182286,-160.9603247833255,-0.07392639698833213,94.53288300323489,127000
0.09152026345580824,1000.0,0.0,48.17742117532082,2.78111761076131,-161.6363067779539,0.009302022896707101,92.65406163024886,128000
0.09156599382311108,1000.0,0.0,48.626392211278954,2.80658184621516,-162.05603448486417,0.053803273878991656,95.77155525970474,129000
0.09189174532145263,1000.0,0.0,48.323464955368756,2.645241615102683,-162.71967541503858,0.055573490105569355,90.64963986587532,130000
0.09245089076459401,1000.0,0.0,48.999669052459495,2.9979606999996595,-163.15793930053715,-0.02359850998222838,92.18702226257336,131000
0.09161859507858755,1000.0,0.0,48.78947999701836,2.936592181283084,-163.46480042266833,-0.06963726308941835,93.632041469574,132000
0.09113050854206121,1000.0,0.0,48.56319403254866,2.5468331760368774,-163.36435220336926,-0.07675030414015054,92.42347926330575,133000
0.09070235416293153,1000.0,0.0,48.07441957545006,2.774483829419685,-163.82529048156715,-0.041198911063373145,86.91455738067634,134000
0.0904319170713424,1000.0,0.0,48.69853664897167,2.7080847902558274,-164.6267046051026,0.0301935710683465,89.23612042236336,135000
0.09047368249297158,1000.0,0.0,48.42693449664301,2.6336197565583968,-164.0380683593749,-0.05173644920438533,88.59221135330198,136000
0.09035324445366875,1000.0,0.0,49.35061762239546,2.763575506959491,-164.6894365844728,0.020957960404455665,87.84748267364508,137000
0.09007696022838352,1000.0,0.0,49.171479297284705,2.806240570355608,-165.42462936401404,-0.04970017401129006,86.31883820724475,138000
0.08985896302759659,1000.0,0.0,49.440160294330084,2.62475213719363,-165.59144221496578,-0.0015455479659140271,87.67955192947402,139000
0.09042987959831929,1000.0,0.0,48.62451325876908,2.620832304190236,-166.05690660095235,0.11016147492080954,84.60312952804566,140000
0.09073186757415529,1000.0,0.0,49.06171210876485,2.839306773622132,-166.62542227172824,-0.07817275053262714,87.5875056800842,141000
0.08994321236014377,1000.0,0.0,48.239225383632636,2.5924096861709267,-166.40546780395547,-0.033271043598651906,84.7807655029296,142000
0.08994381852447984,1000.0,0.0,49.04712397059956,2.549486625419206,-167.33054603576616,-0.0018798482418060315,85.28298335266102,143000
0.08985921426117412,1000.0,0.0,49.24991122723636,2.688883312702352,-167.6861452789309,-0.016681249104440233,85.4161645317078,144000
0.08997509799897686,1000.0,0.0,48.294321409641285,2.655017333733244,-168.20564956665024,0.03135715038329374,85.61673419189445,145000
0.08993707150220868,1000.0,0.0,48.633084065323885,2.7453761341174827,-168.2514498138434,-0.000154912654310477,84.12713172149662,146000
0.08952145266532896,1000.0,0.0,48.506254472706054,2.7500809109987556,-168.2263754425047,-0.029037193723023002,82.24244046401952,147000
0.0896442905589938,1000.0,0.0,49.092056473526455,2.591742118245334,-168.65679434204117,0.012288887523114708,83.38823029327376,148000
0.08947167198359954,1000.0,0.0,48.96443400845716,2.600303772120096,-168.2704610137941,-0.06268499342352157,82.47321534347536,149000
0.08953861853480327,1000.0,0.0,48.410681351204076,3.0386712401277403,-169.69932330322274,0.0483436551392076,82.34523665618899,150000
0.08963020223379137,1000.0,0.0,48.632326363416134,2.995701231743926,-169.47712294006362,-0.03318891908973454,82.09207783889757,151000
0.08945959898084417,1000.0,0.0,49.039714166836944,2.77803331757284,-169.77442173767108,0.034415235653519574,82.80197606277478,152000
0.08980639956891558,1000.0,0.0,48.341142055070456,2.7758647814211366,-169.8070680084223,0.029717957690358166,79.26057726287844,153000
0.09022695862501875,1000.0,0.0,49.30337471648646,2.838509229397712,-170.64835154724128,0.027051176384091435,81.36917977142343,154000
0.09005448644608274,1000.0,0.0,49.10091844063427,2.716462715223092,-171.0535008392332,-0.02264256085455419,78.45289919662473,155000
0.09024116991460328,1000.0,0.0,48.78858153307182,2.551615357677402,-171.25901454162627,0.058270224444568315,79.67605536270136,156000
0.09031168887764209,1000.0,0.0,49.01968067313242,2.596698408843736,-171.45121409606944,-0.0024543801024555674,79.9587046203614,157000
0.09063427148759359,1000.0,0.0,49.524817759722175,2.838207769227856,-171.78594029235865,0.0192730996571481,77.50648045730598,158000
0.09015324279665948,1000.0,0.0,49.7025393171745,2.636092455083157,-172.0708002166745,-0.07069434034824397,80.48720359802233,159000
0.08967134865373384,1000.0,0.0,49.26818155826541,2.5091123417620977,-172.0891601715089,-0.052134688772261156,77.3756303138734,160000
0.08948632823675863,1000.0,0.0,49.301014408908756,2.752782525348493,-172.57808731079115,-0.015556673310697109,77.5246297607423,161000
0.08922734135389351,1000.0,0.0,49.37323790938236,2.5448249287853035,-172.55121009826658,-0.015740065593272554,75.86227693557738,162000
0.08933066016435624,1000.0,0.0,48.995515443967314,2.6750405240238226,-173.20978909301766,-0.00016775063425300752,78.0377878341675,163000
0.08922527690231812,1000.0,0.0,48.584929998231644,2.637937144417177,-173.15346127319316,-0.013612381726503373,77.16505768203734,164000
0.08870860045403249,1000.0,0.0,49.613951482482896,2.8543495922109967,-173.26255917358364,-0.06424942437559357,75.16456354904179,165000
0.08831353268027312,1000.0,0.0,49.31073396196496,2.6626777106768267,-173.2230806274415,-0.004417830660939201,75.98308757781976,166000
0.08856940837204469,1000.0,0.0,49.00809527268969,2.7964748757605653,-173.64973759460457,0.028807447507977434,75.39075149536137,167000
0.08836598102748396,1000.0,0.0,49.0801556771819,2.700840122183838,-173.86562226867696,-0.0339450653418897,76.2975789413454,168000
0.08860303222388044,1000.0,0.0,48.95245369604568,2.5053508100369233,-174.03648065185524,0.03331266424804915,75.187236236572,169000
0.08895535759627828,1000.0,0.0,49.039859847404635,3.157976774238473,-174.3168150939942,0.057247001059353396,73.9935982055664,170000
0.08912955413758752,1000.0,0.0,49.20000197384021,2.7807278201264984,-175.06741549682633,-0.039138629063963815,75.90756656265263,171000
0.08904048776626584,1000.0,0.0,49.11891771602086,2.739898559940244,-175.29724554443328,0.019745795808732522,73.61485214233394,172000
0.08949829944223173,1000.0,0.0,48.793675446212724,2.811993218069245,-175.451161605835,0.05320914560556408,72.38578580474866,173000
0.08907536882907155,1000.0,0.0,45.73491655073406,15.325263524400013,-175.55034843444798,-0.0782395477890968,75.16256567764273,174000
0.0889440279826522,1000.0,0.0,49.21990616082932,2.7867755309324433,-175.95121350097605,0.017602843627333702,72.84053205490119,175000
0.08915123486518865,1000.0,0.0,49.42613951027421,2.861261349778651,-175.9912095642091,-0.037857911977917,73.06331483840954,176000
0.08882229152321827,1000.0,0.0,49.2299336871493,2.7247230419375525,-176.766088150024,0.02700772579386833,72.02622538375854,177000
0.08890377681702365,1000.0,0.0,49.85897912875287,2.7818611104595705,-176.46803153991684,-0.004579076848924171,72.40354489135746,178000
0.08915813919901833,1000.0,0.0,49.6370598207665,2.8524486755468246,-176.10796777343748,0.05754817970842113,72.5406519088746,179000
0.08904062288254502,1000.0,0.0,49.71341104367442,2.6534898528534767,-177.01994656372082,-0.05559133641421781,72.68380006408714,180000
0.08886145935952648,1000.0,0.0,48.225351861447294,5.558152703941593,-177.23691946411165,-0.011143547981977454,71.67972924423215,181000
0.08904970452189445,1000.0,0.0,49.54166917032333,2.676252147157967,-177.33771507263208,0.030071683697402336,70.73435568618783,182000
0.08893305946886522,1000.0,0.0,49.15414772999118,2.802439637699492,-177.26144982910202,2.9470108449424545e-05,71.45027328872662,183000
0.0891783273294567,1000.0,0.0,49.642639126520265,2.532109161379454,-177.71385566711407,0.025490909799933462,71.02043360900886,184000
0.0891447578445076,1000.0,0.0,49.068339427931775,2.6285547251368246,-177.49828594970725,-0.06673405643552542,70.15164050292978,185000
0.08881641039252293,1000.0,0.0,49.66457429114906,2.5378008564815087,-177.98745259094196,0.014380468569695893,69.53645344161984,186000
0.08873813159018758,1000.0,0.0,50.07141422752955,2.649869475687326,-178.31958630371125,0.0014300815686583484,70.6585824089053,187000
0.0887056996077298,1000.0,0.0,49.72694298982513,2.585769342132023,-178.24621102905292,-0.02733522080630058,70.34571986389179,188000
0.08853650511801218,1000.0,0.0,49.90917853128744,2.7468149204663384,-178.66421994018575,0.002790256887674306,66.67545907211291,189000
0.08887100845575352,1000.0,0.0,50.304920767377624,2.6149505184174964,-179.02814540100113,0.06353750809282058,70.73290312576272,190000
0.08940644085407261,1000.0,0.0,48.97347807461803,2.7093211581803973,-179.38749424743662,-0.01039574232324955,68.70208315658594,191000
0.08906404293328511,1000.0,0.0,49.22481036102164,2.577198130499854,-179.52965319824185,-0.0017815228775143587,68.54791130447396,192000
0.08910203361511213,1000.0,0.0,49.940614689506354,2.6255228328006983,-179.98562919616688,0.005736064702272456,67.26460900497435,193000
0.08924460554867991,1000.0,0.0,49.603552133876846,2.786201361975598,-180.04653294372562,0.01116196011006836,69.21684822082537,194000
0.08953622551262402,1000.0,0.0,49.789384455143015,2.7907501299207227,-180.26473756408723,0.09485473343729989,67.97288150405905,195000
0.08993748226761836,1000.0,0.0,49.772767699295834,2.5390626940645262,-180.09395735168454,-0.039381683766841875,67.02704291152963,196000
0.089536148071289,1000.0,0.0,49.095892124712144,2.8060612067156625,-180.1881229858399,-0.022563201732933563,69.17426191329963,197000
0.08954800537973644,1000.0,0.0,49.4536837062616,2.7660884040869322,-180.30802500915522,-0.010097361318767067,65.98448455047604,198000
0.08914900377392775,1000.0,0.0,50.01318558205984,2.6421616747785412,-180.9703801116946,-0.048426697634160396,68.9675747375491,199000
0.08920076707750554,1000.0,0.0,49.417320162018754,2.834229121166372,-181.04569673156755,0.07818844617903256,66.16528824996945,200000
0.08957514116913078,1000.0,0.0,49.28608549184081,2.634360520630632,-180.95591886901818,-0.007145736314356289,67.11819399261472,201000
0.08983799313008793,1000.0,0.0,49.99012062561056,2.768977768399761,-181.23019281005887,0.02255599568784235,66.07201204681395,202000
0.08963043830543746,1000.0,0.0,49.834645789761616,2.686000336134672,-181.33257569885214,-0.03892336405068637,69.24875806808454,203000
0.08984453538805237,1000.0,0.0,50.13719396487648,2.747498044916786,-181.68813485717746,0.020101020812988365,65.83859916686994,204000
0.0894587910175322,1000.0,0.0,49.45023759816137,2.766674167876841,-181.83756652832017,-0.010368889994919379,66.57506967926031,205000
0.08943230991810557,1000.0,0.0,48.99124516475174,2.6819385115222505,-181.58128556823723,-0.0567104912772774,67.46188293075564,206000
0.08873133289813995,1000.0,0.0,50.01427672801392,2.553900139495562,-181.42594453430195,-0.11036092770099633,66.94468657302856,207000
0.08842182878404858,1000.0,0.0,49.43292354703894,2.789359237787266,-182.09723474121088,0.08530470744520442,65.34107039260854,208000
0.08857977988570928,1000.0,0.0,49.887315505990664,2.575542438663131,-182.05773860168452,-0.038911460727453315,66.30139389801033,209000
0.08903291135281324,1000.0,0.0,49.14136003424818,2.5926635318694182,-182.54396763610782,0.13220669187605422,63.4583310661317,210000
0.08974851039052018,1000.0,0.0,50.078224738875655,2.5970586121016046,-182.67123178100604,-0.02337979064136744,65.567664680481,211000
0.08924372261017545,1000.0,0.0,50.2686015811723,2.7137495072214097,-182.4988235321045,-0.05292183145880701,65.60211255264284,212000
0.08958130272477877,1000.0,0.0,49.737936874264236,2.5759236463409105,-183.09397924804674,0.11176320353895429,65.28843131256097,213000
0.08979558840394043,1000.0,0.0,49.904750060217815,2.7283334942490582,-183.47353547668453,-0.005428474247455588,64.48776066970812,214000
0.0898216101825238,1000.0,0.0,50.40359038398526,2.5833115420969373,-182.4833972930913,-0.0620716831833125,64.47092855453502,215000
0.08959222700446845,1000.0,0.0,47.336495736401666,9.366399501596948,-182.74516329956077,0.003746451497077871,63.89763209152223,216000
0.08929631624370825,1000.0,0.0,49.20621392291918,2.730535916498049,-183.50620780944834,0.04486015018075695,63.01090165328976,217000
0.08979026449471725,1000.0,0.0,50.672184368228244,2.7632800868621445,-183.3534012298586,-0.018092008464038398,63.77436967468258,218000
0.08949254411458965,1000.0,0.0,50.168619440912174,2.7441738197329966,-183.10332839965824,-0.08556559440493594,64.87060565185531,219000
0.08897318356484168,1000.0,0.0,47.10649460995917,8.254082165803608,-183.37988743591285,0.03292882912606007,63.9338181190492,220000
0.08888823977857851,1000.0,0.0,50.540593775508725,2.77712115273064,-183.31814634704625,-0.06559194587916105,62.98287155914309,221000
0.0889396343305707,1000.0,0.0,50.277058002282885,2.659159345803809,-183.654200546265,0.05016156991571189,62.92567013168326,222000
0.08927224055677664,1000.0,0.0,50.039513424945035,2.6300903446133885,-184.551592666626,0.02311250875145195,62.66253601455688,223000
0.08908688236027967,1000.0,0.0,47.98804016399078,6.5751997493631045,-183.67609494018586,-0.004983439721166999,63.32927972412102,224000
0.08934931691735992,1000.0,0.0,49.249253697713414,2.6419750766279173,-184.4145466308596,0.06939463629946119,62.367122726440435,225000
0.09001232883334165,1000.0,0.0,50.49565202772423,2.6020661115416446,-184.39848857116706,0.03837703952938327,62.34172645950318,226000
0.09024991218745711,1000.0,0.0,49.80115225249369,2.7689334132097887,-184.54952722168,0.014853009685874,61.856148021697976,227000
0.09015448696911334,1000.0,0.0,50.0040537022229,2.7183035003246014,-184.73642384338388,-0.0361471175625921,63.093322536468484,228000
0.08999712858349075,1000.0,0.0,49.57963806755823,2.9851326340647493,-184.70634553527836,-0.036756600238382814,61.73857864379887,229000
0.08960595129430285,1000.0,0.0,49.80740678225015,2.6010752913988617,-184.23402236938492,-0.026878743611276134,60.862225112914956,230000
0.08987779927998811,1000.0,0.0,50.27972921498094,2.730354913130648,-184.9262789459226,0.05340968725830319,63.64858150100718,231000
0.0899773333668709,1000.0,0.0,50.463860086429655,2.76434088306827,-184.45828265380848,-0.001421652168035519,61.190517860412555,232000
0.08993958020210265,1000.0,0.0,50.18756948817761,2.5632740492753006,-184.92245797729464,0.02382937173545359,62.42600688552852,233000
0.09007358360290546,1000.0,0.0,49.99526967307928,2.6442908383822696,-185.13625219726597,-0.01855416721105576,62.743369525909316,234000
0.09003861916065214,1000.0,0.0,50.37358145811176,2.668237444276023,-185.28994744873046,0.027919195294380198,60.57208172225952,235000
0.090233423769474,1000.0,0.0,50.458040027608064,2.6237941093919495,-185.21090493774403,-0.0048037390299141575,61.45142615890501,236000
0.09047530718892845,1000.0,0.0,50.480243935040036,2.6514244351246297,-185.74118786621045,0.04482617978006599,61.093389930725124,237000
0.09081593830883497,1000.0,0.0,50.18594986826987,2.5935985597737505,-186.08806552124008,0.05107040815055375,60.20498288345336,238000
0.09089619190990911,1000.0,0.0,50.08515053983689,2.624292555725478,-185.3979274597165,-0.050951985597610515,60.106155860900884,239000
0.09047525970637804,1000.0,0.0,49.89434597790847,2.7198776866938332,-185.52752838134796,-0.02932013893499972,59.52982124710093,240000
0.0901579108834266,1000.0,0.0,50.05944749330686,2.7266453504592163,-186.07917735290522,-0.03659614599496131,61.92571337127681,241000
0.09010023632645621,1000.0,0.0,50.499254078317875,2.6496359084405166,-185.67569581604008,0.020800982937216717,60.7421652412413,242000
0.0900601076036691,1000.0,0.0,50.42033749794834,2.6530184709687483,-185.40974052429243,-0.042879300214350345,59.45867658996591,243000
0.08960192983597513,1000.0,0.0,49.88952717993171,2.5762898453671506,-185.8644041442873,-0.02428842465579508,60.44913893508915,244000
0.08944308762997404,1000.0,0.0,50.388455181477966,2.560492169969347,-185.34280735778793,-0.01939634914696215,59.33375435256964,245000
0.08958149144053472,1000.0,0.0,50.38112048526553,2.82300978721091,-185.57046577453596,0.07000137653574345,58.64623002243052,246000
0.09009854137897493,1000.0,0.0,50.16999845515061,2.8542986683471545,-186.07508297729484,0.0022350241392851333,59.831835826873785,247000
0.09002353263646369,1000.0,0.0,49.57389154394087,2.9060231492378628,-186.50765057373033,0.01866099298000332,59.291702445983915,248000
0.09022695356607442,1000.0,0.0,50.48062782706126,2.623993850732715,-186.25044195556637,-0.00804226835817096,58.31169846725468,249000
0.08992963702976726,1000.0,0.0,50.537576213145094,2.5341322325135285,-186.91034281921318,-0.05965219815075412,59.61538624572752,250000
0.08954339610785238,1000.0,0.0,50.326794002920735,2.7355033785749967,-186.58598150634762,-0.0065530918128788255,58.939021942138616,251000
0.08902704826742404,1000.0,0.0,50.135022769293094,2.7029724582485115,-186.71185224914535,-0.04786621993780134,58.7675857505797,252000
0.08944049248099335,1000.0,0.0,50.007460455647724,2.6929319795878133,-186.9983333587643,0.09420667982101441,59.46236173629747,253000
0.09025400732457645,1000.0,0.0,50.10710910698013,2.5472931932692986,-187.08234022522007,0.046493789732456284,57.30709292984017,254000
0.09048484861105674,1000.0,0.0,50.287826049503735,2.6418967337345682,-186.8529431152341,0.025151516333222376,58.13216796493525,255000
0.09075417897105227,1000.0,0.0,50.40987322082238,2.7258769476225537,-187.36291206359874,0.0014616303816437992,58.84413231277469,256000
0.09061819183081411,1000.0,0.0,50.31403571132991,2.7411002580140575,-186.96350723266627,-0.010150868266820871,57.41572462844849,257000
0.09029876601695992,1000.0,0.0,50.711980060764006,2.6740263164145808,-187.0353729553219,-0.042492912754416495,59.02807735824588,258000
0.09062357153743511,1000.0,0.0,50.071452580793284,2.5656450714376566,-187.19129609680192,0.036364498578012064,56.367199028015115,259000
0.09016860236227511,1000.0,0.0,50.200011164653915,2.7818827551040624,-187.46517321777347,-0.025412873260676906,58.24752309036249,260000
0.09043597460538148,1000.0,0.0,50.5186544459246,2.9251857627157265,-187.64560296630904,-0.016249471917748424,57.896097602844286,261000
0.09039589960873104,1000.0,0.0,50.02989131171104,2.5741677363280573,-187.84976452636704,0.06405039644241338,57.41082788085928,262000
0.09100841472297919,1000.0,0.0,50.416524601740285,2.6891793590563537,-187.65508450317384,0.022426860399544363,57.76288778686517,263000
0.09049032542854567,1000.0,0.0,50.58953077874037,2.5311292607351694,-187.09039994812053,-0.06133563970774396,57.843955570220835,264000
0.09034665602445602,1000.0,0.0,50.59398268801773,2.7168642169477013,-188.33985192871114,0.03519576387852434,55.96572938537595,265000
0.09056207952648386,1000.0,0.0,50.52130976976032,2.5598138111972677,-187.9077696075441,-0.039518841691315136,56.8759742889404,266000
0.09042115268111227,1000.0,0.0,50.372575053762795,2.826871075617126,-188.09960191345178,0.012607594177126872,57.15276877593993,267000
0.09035425437241802,1000.0,0.0,50.808147852856614,2.611832027023368,-187.74972953796376,-0.036228379741311045,56.851052780151356,268000
0.09019709222763783,1000.0,0.0,50.28307331416239,2.6005255309575115,-187.55178977966315,-0.003749782480299447,55.03245584487919,269000
0.09026520655304199,1000.0,0.0,50.57634328758988,2.779630245669008,-188.148690536499,0.043239075854420765,56.569621566772526,270000
0.09079523894190784,1000.0,0.0,50.9686082723683,2.8646536339302244,-188.0826789093016,0.03660700896382336,57.45935333251953,271000
0.09065426693856704,1000.0,0.0,50.28513188621859,2.766825496376011,-187.8136027374273,-0.012121772997081302,55.60017818069457,272000
0.09063064534217125,1000.0,0.0,50.94074663573461,2.6316180545957075,-188.29918490600568,-0.0037703944146632797,55.62708648681634,273000
0.09081016609817769,1000.0,0.0,50.069654878741744,2.6488816087109868,-188.04192625427234,0.012389299631118879,55.894213298797624,274000
0.09055829348415143,1000.0,0.0,51.10415833020882,2.826635692373337,-188.4504796447751,-0.03807367557287217,56.71708557891854,275000
0.09032857528328891,1000.0,0.0,50.7003647528257,2.7980525190135412,-188.0153559112551,-0.01471457625553013,55.60205879974361,276000
0.09041015607863664,1000.0,0.0,50.734191471809964,2.691837033090636,-188.3643549194336,-0.01244410412013525,55.48912333297727,277000
0.0899148514568806,1000.0,0.0,49.868317691651484,2.754401146594485,-188.0874711608886,-0.03176666135340914,55.43899331665044,278000
0.0901449898630382,1000.0,0.0,50.36476443439387,2.4629303596123595,-188.14166073608396,0.039075522370636495,55.68359088134765,279000
0.090574874304235,1000.0,0.0,49.957792401645165,2.691608943478433,-188.53312481689437,0.06533196717500685,55.062723514556936,280000
0.09084546294808389,1000.0,0.0,50.622396629599024,2.5193194962253105,-188.62556053161637,0.0072420452907680415,54.73294204330439,281000
0.09079662273824221,1000.0,0.0,49.89462571338248,2.6754712982818782,-188.44676031494132,-0.011151170127093825,55.91995641326897,282000
0.09142318416386847,1000.0,0.0,50.58535883105307,2.5283798720718265,-188.84978976440422,0.04982224978879098,55.135961593628004,283000
0.09105891079455629,1000.0,0.0,51.151120205835475,2.655431922806313,-188.28646406555188,-0.0474217421635984,54.915553066253636,284000
0.09073760590702303,1000.0,0.0,50.87052410599924,2.588637204457873,-188.92273753356966,0.019641020126640825,55.69457544708258,285000
0.091330324806273,1000.0,0.0,50.12034179613678,2.5214489355046403,-188.93711016845683,0.026538618259131924,53.84444462203981,286000
0.09126682615280139,1000.0,0.0,50.19303832116718,2.575084942497069,-188.9907278747556,0.009355327814817427,55.27064857864381,287000
0.09121507684886455,1000.0,0.0,50.54117832507189,2.720459196202167,-188.8267668609617,-0.01796766460686922,55.49161694717411,288000
0.09100561996549396,1000.0,0.0,50.68749702559907,2.7758745997810648,-188.71552912902808,-0.03950383207201947,53.89780497741688,289000
0.09111059680581082,1000.0,0.0,50.420348045254016,2.609919945990651,-189.2444933471676,0.0644325293153524,55.13976406478887,290000
0.09133943247050048,1000.0,0.0,50.374191208133354,2.669970097263624,-188.5484283599856,0.006208713963627815,54.28961080932621,291000
0.0914197826087475,1000.0,0.0,50.31003002091205,2.671410894558963,-189.06015956115723,-0.021297043882310483,55.15375968170163,292000
0.09129220097512022,1000.0,0.0,50.905833795153065,2.5360560830475545,-189.23594075012218,-0.004584663823246951,55.76162851333617,293000
0.09152727258205409,1000.0,0.0,50.245243819064314,2.6779831071526683,-188.88584030151372,0.04253089097142217,53.26387094497682,294000
0.09205136585235606,1000.0,0.0,50.94217604676755,2.687593638824692,-189.4026351318355,0.08321161516010767,54.42104568099973,295000
0.09231267621368154,1000.0,0.0,50.49528162389326,2.5523949993920327,-189.23576275634758,-0.059597904995083786,54.40839894866946,296000
0.0916264916732909,1000.0,0.0,50.12669580730411,2.744598913201149,-188.92211238098082,-0.06632544635236264,53.887580959320054,297000
0.0913500425219537,1000.0,0.0,50.23577406594887,2.7305953637355804,-189.24209278869665,-0.001729392856359457,54.761576774597295,298000
0.09158460374921565,1000.0,0.0,51.12562711439421,2.7904662831592297,-189.0096773529051,0.04765521577000612,53.388373878479,299000
0.09188250952214007,1000.0,0.0,50.54793419327328,2.562572989358875,-189.27711701965336,0.013035210222005779,53.42365431976316,300000
0.0918275915905833,1000.0,0.0,50.81235684993975,2.7806028582993645,-189.45911070251486,0.036294503241777444,54.64332715606695,301000
0.09234576710313551,1000.0,0.0,50.47253341979647,2.786518454702374,-188.9752707061766,0.045219562828540796,53.154282386779755,302000
0.0927652844041586,1000.0,0.0,50.61569344853321,2.652795404449232,-188.94775137329103,-0.053123331181705036,53.46235391616826,303000
