{"algo_name": "edac", "task": "halfcheetah-medium-replay-v0", "seed": 1, "actor_lr": 0.0001, "critic_lr": 0.0003, "hidden_dims": [256, 256, 256], "gamma": 0.99, "tau": 0.005, "alpha": 0.2, "auto_alpha": true, "target_entropy": -6.0, "alpha_lr": 0.0001, "num_critics": 10, "max_q_backup": false, "deterministic_backup": false, "eta": 1.0, "normalize_reward": false, "epoch": 1200, "step_per_epoch": 1000, "eval_episodes": 10, "batch_size": 256, "device": "cuda", "data_type": "mixture", "trim_ratio": 0.0, "mixture_ratio": 0.2, "obs_shape": [17], "action_dim": 6.0, "max_action": 1.0}
